,nr. of TIs,nr. of events,% of events,mean_length,sd_length,mean_duration,sd_duration,mean_#_TIs,sd_#_TIs
1,,,,,,,,,
4,,,,,,,,,
2,,,,,,,,,
3,,,,,,,,,
2*,,,,,,,,,
3*,,,,,,,,,
7*,,,,,,,,,
8*,1322,42591,4.954141246125125,32.21709531013616,29.38621023095817,22.527987897125566,31.645360084433136,9.01588502269289,14.413769449593799
